series_id,year,value,unit,analog_name,fill,source_file,source_sheet,source_row,Q_m3_s,area_km2
seja_d_stan,1971,3.77,л/с·км²,р. Сьежа – д. Стан,"из А.8, опубликовано в СП 33",,,,,
seja_d_stan,1972,3.12,л/с·км²,р. Сьежа – д. Стан,"из А.8, опубликовано в СП 33",,,,,
seja_d_stan,1973,3.78,л/с·км²,р. Сьежа – д. Стан,"из А.8, опубликовано в СП 33",,,,,
seja_d_stan,1974,6.28,л/с·км²,р. Сьежа – д. Стан,"из А.8, опубликовано в СП 33",,,,,
seja_d_stan,1975,5.95,л/с·км²,р. Сьежа – д. Стан,"из А.8, опубликовано в СП 33",,,,,
seja_d_stan,1976,8.27,л/с·км²,р. Сьежа – д. Стан,"из А.8, опубликовано в СП 33",,,,,
seja_d_stan,1977,13.0,л/с·км²,р. Сьежа – д. Стан,"из А.8, опубликовано в СП 33",,,,,
seja_d_stan,1978,11.7,л/с·км²,р. Сьежа – д. Стан,"из А.8, опубликовано в СП 33",,,,,
seja_d_stan,1979,8.7,л/с·км²,р. Сьежа – д. Стан,"из А.8, опубликовано в СП 33",,,,,
seja_d_stan,1980,9.15,л/с·км²,р. Сьежа – д. Стан,"из А.8, опубликовано в СП 33",,,,,
seja_d_stan,1981,11.3,л/с·км²,р. Сьежа – д. Стан,"из А.8, опубликовано в СП 33",,,,,
seja_d_stan,1982,8.18,л/с·км²,р. Сьежа – д. Стан,"из А.8, опубликовано в СП 33",,,,,
seja_d_stan,1983,9.78,л/с·км²,р. Сьежа – д. Стан,"из А.8, опубликовано в СП 33",,,,,
seja_d_stan,1984,12.0,л/с·км²,р. Сьежа – д. Стан,"из А.8, опубликовано в СП 33",,,,,
seja_d_stan,1985,9.15,л/с·км²,р. Сьежа – д. Стан,"из А.8, опубликовано в СП 33",,,,,
seja_d_stan,1986,9.01,л/с·км²,р. Сьежа – д. Стан,"из А.8, опубликовано в СП 33",,,,,
seja_d_stan,1987,10.4,л/с·км²,р. Сьежа – д. Стан,"из А.8, опубликовано в СП 33",,,,,
seja_d_stan,1988,8.48,л/с·км²,р. Сьежа – д. Стан,"из А.8, опубликовано в СП 33",,,,,
seja_d_stan,1989,8.45,л/с·км²,р. Сьежа – д. Стан,"из А.8, опубликовано в СП 33",,,,,
seja_d_stan,1990,13.6,л/с·км²,р. Сьежа – д. Стан,"из А.8, опубликовано в СП 33",,,,,
seja_d_stan,1991,10.7,л/с·км²,р. Сьежа – д. Стан,"из А.8, опубликовано в СП 33",,,,,
seja_d_stan,1992,5.65,л/с·км²,р. Сьежа – д. Стан,"из А.8, опубликовано в СП 33",,,,,
q1,1954,5.184,л/с·км²,р. Волчина – с. Волчинское лесничество,"МДС, первичный ряд",mdc103av23.xls,Pacxod,190,15.5,2990
q1,1955,9.732,л/с·км²,р. Волчина – с. Волчинское лесничество,"МДС, первичный ряд",mdc103av23.xls,Pacxod,191,29.1,2990
q1,1956,7.960,л/с·км²,р. Волчина – с. Волчинское лесничество,"МДС, первичный ряд",mdc103av23.xls,Pacxod,192,23.8,2990
q1,1957,9.866,л/с·км²,р. Волчина – с. Волчинское лесничество,"МДС, первичный ряд",mdc103av23.xls,Pacxod,193,29.5,2990
q1,1958,10.100,л/с·км²,р. Волчина – с. Волчинское лесничество,"МДС, первичный ряд",mdc103av23.xls,Pacxod,194,30.2,2990
q1,1959,7.191,л/с·км²,р. Волчина – с. Волчинское лесничество,"МДС, первичный ряд",mdc103av23.xls,Pacxod,195,21.5,2990
q1,1960,5.920,л/с·км²,р. Волчина – с. Волчинское лесничество,"МДС, первичный ряд",mdc103av23.xls,Pacxod,196,17.7,2990
q1,1961,6.823,л/с·км²,р. Волчина – с. Волчинское лесничество,"МДС, первичный ряд",mdc103av23.xls,Pacxod,197,20.4,2990
q1,1962,8.328,л/с·км²,р. Волчина – с. Волчинское лесничество,"МДС, первичный ряд",mdc103av23.xls,Pacxod,198,24.9,2990
q1,1963,3.679,л/с·км²,р. Волчина – с. Волчинское лесничество,"МДС, первичный ряд",mdc103av23.xls,Pacxod,199,11,2990
q1,1964,4.649,л/с·км²,р. Волчина – с. Волчинское лесничество,"МДС, первичный ряд",mdc103av23.xls,Pacxod,200,13.9,2990
q1,1965,6.321,л/с·км²,р. Волчина – с. Волчинское лесничество,"МДС, первичный ряд",mdc103av23.xls,Pacxod,201,18.9,2990
q1,1966,8.395,л/с·км²,р. Волчина – с. Волчинское лесничество,"МДС, первичный ряд",mdc103av23.xls,Pacxod,202,25.1,2990
q1,1967,5.318,л/с·км²,р. Волчина – с. Волчинское лесничество,"МДС, первичный ряд",mdc103av23.xls,Pacxod,203,15.9,2990
q1,1968,6.187,л/с·км²,р. Волчина – с. Волчинское лесничество,"МДС, первичный ряд",mdc103av23.xls,Pacxod,204,18.5,2990
q1,1969,5.284,л/с·км²,р. Волчина – с. Волчинское лесничество,"МДС, первичный ряд",mdc103av23.xls,Pacxod,205,15.8,2990
q1,1970,5.886,л/с·км²,р. Волчина – с. Волчинское лесничество,"МДС, первичный ряд",mdc103av23.xls,Pacxod,206,17.6,2990
q1,1971,3.846,л/с·км²,р. Волчина – с. Волчинское лесничество,"МДС, первичный ряд",mdc103av23.xls,Pacxod,207,11.5,2990
q1,1972,3.114,л/с·км²,р. Волчина – с. Волчинское лесничество,"МДС, первичный ряд",mdc103av23.xls,Pacxod,208,9.31,2990
q1,1973,3.000,л/с·км²,р. Волчина – с. Волчинское лесничество,"МДС, первичный ряд",mdc103av23.xls,Pacxod,209,8.97,2990
q1,1974,4.649,л/с·км²,р. Волчина – с. Волчинское лесничество,"МДС, первичный ряд",mdc103av23.xls,Pacxod,210,13.9,2990
q1,1975,4.080,л/с·км²,р. Волчина – с. Волчинское лесничество,"МДС, первичный ряд",mdc103av23.xls,Pacxod,211,12.2,2990
q1,1976,6.555,л/с·км²,р. Волчина – с. Волчинское лесничество,"МДС, первичный ряд",mdc103av23.xls,Pacxod,212,19.6,2990
q1,1977,8.729,л/с·км²,р. Волчина – с. Волчинское лесничество,"МДС, первичный ряд",mdc103av23.xls,Pacxod,213,26.1,2990
q1,1978,7.793,л/с·км²,р. Волчина – с. Волчинское лесничество,"МДС, первичный ряд",mdc103av23.xls,Pacxod,214,23.3,2990
q1,1979,6.656,л/с·км²,р. Волчина – с. Волчинское лесничество,"МДС, первичный ряд",mdc103av23.xls,Pacxod,215,19.9,2990
q1,1980,7.291,л/с·км²,р. Волчина – с. Волчинское лесничество,"МДС, первичный ряд",mdc103av23.xls,Pacxod,216,21.8,2990
q1,1981,8.997,л/с·км²,р. Волчина – с. Волчинское лесничество,"МДС, первичный ряд",mdc103av23.xls,Pacxod,217,26.9,2990
q1,1982,5.585,л/с·км²,р. Волчина – с. Волчинское лесничество,"МДС, первичный ряд",mdc103av23.xls,Pacxod,218,16.7,2990
q1,1983,6.722,л/с·км²,р. Волчина – с. Волчинское лесничество,"МДС, первичный ряд",mdc103av23.xls,Pacxod,219,20.1,2990
q1,1984,8.395,л/с·км²,р. Волчина – с. Волчинское лесничество,"МДС, первичный ряд",mdc103av23.xls,Pacxod,220,25.1,2990
q1,1985,8.127,л/с·км²,р. Волчина – с. Волчинское лесничество,"МДС, первичный ряд",mdc103av23.xls,Pacxod,221,24.3,2990
q1,1986,,л/с·км²,р. Волчина – с. Волчинское лесничество,НЕ ПОКРЫТО: МДС не содержит этот год,,,,,2990
q1,1987,,л/с·км²,р. Волчина – с. Волчинское лесничество,НЕ ПОКРЫТО: МДС не содержит этот год,,,,,2990
q1,1988,,л/с·км²,р. Волчина – с. Волчинское лесничество,НЕ ПОКРЫТО: МДС не содержит этот год,,,,,2990
q1,1989,,л/с·км²,р. Волчина – с. Волчинское лесничество,НЕ ПОКРЫТО: МДС не содержит этот год,,,,,2990
q1,1990,,л/с·км²,р. Волчина – с. Волчинское лесничество,НЕ ПОКРЫТО: МДС не содержит этот год,,,,,2990
q1,1991,,л/с·км²,р. Волчина – с. Волчинское лесничество,НЕ ПОКРЫТО: МДС не содержит этот год,,,,,2990
q1,1992,6.254,л/с·км²,р. Волчина – с. Волчинское лесничество,"МДС, первичный ряд",mdc103av23.xls,Pacxod,222,18.7,2990
q3,1935,10.901,л/с·км²,р. Кобожа – с. Мошеник,"МДС, первичный ряд",mdc103av23.xls,Pacxod,238,25.4,2330
q3,1936,6.223,л/с·км²,р. Кобожа – с. Мошеник,"МДС, первичный ряд",mdc103av23.xls,Pacxod,239,14.5,2330
q3,1937,3.747,л/с·км²,р. Кобожа – с. Мошеник,"МДС, первичный ряд",mdc103av23.xls,Pacxod,240,8.73,2330
q3,1938,4.936,л/с·км²,р. Кобожа – с. Мошеник,"МДС, первичный ряд",mdc103av23.xls,Pacxod,241,11.5,2330
q3,1939,3.150,л/с·км²,р. Кобожа – с. Мошеник,"МДС, первичный ряд",mdc103av23.xls,Pacxod,242,7.34,2330
q3,1940,3.631,л/с·км²,р. Кобожа – с. Мошеник,"МДС, первичный ряд",mdc103av23.xls,Pacxod,243,8.46,2330
q3,1941,5.622,л/с·км²,р. Кобожа – с. Мошеник,"МДС, первичный ряд",mdc103av23.xls,Pacxod,244,13.1,2330
q3,1942,7.511,л/с·км²,р. Кобожа – с. Мошеник,"МДС, первичный ряд",mdc103av23.xls,Pacxod,245,17.5,2330
q3,1943,5.322,л/с·км²,р. Кобожа – с. Мошеник,"МДС, первичный ряд",mdc103av23.xls,Pacxod,246,12.4,2330
q3,1944,3.695,л/с·км²,р. Кобожа – с. Мошеник,"МДС, первичный ряд",mdc103av23.xls,Pacxod,247,8.61,2330
q3,1945,5.365,л/с·км²,р. Кобожа – с. Мошеник,"МДС, первичный ряд",mdc103av23.xls,Pacxod,248,12.5,2330
q3,1946,6.652,л/с·км²,р. Кобожа – с. Мошеник,"МДС, первичный ряд",mdc103av23.xls,Pacxod,249,15.5,2330
q3,1947,6.352,л/с·км²,р. Кобожа – с. Мошеник,"МДС, первичный ряд",mdc103av23.xls,Pacxod,250,14.8,2330
q3,1948,6.137,л/с·км²,р. Кобожа – с. Мошеник,"МДС, первичный ряд",mdc103av23.xls,Pacxod,251,14.3,2330
q3,1949,5.579,л/с·км²,р. Кобожа – с. Мошеник,"МДС, первичный ряд",mdc103av23.xls,Pacxod,252,13,2330
q3,1950,6.395,л/с·км²,р. Кобожа – с. Мошеник,"МДС, первичный ряд",mdc103av23.xls,Pacxod,253,14.9,2330
q3,1951,7.639,л/с·км²,р. Кобожа – с. Мошеник,"МДС, первичный ряд",mdc103av23.xls,Pacxod,254,17.8,2330
q3,1952,9.657,л/с·км²,р. Кобожа – с. Мошеник,"МДС, первичный ряд",mdc103av23.xls,Pacxod,255,22.5,2330
q3,1953,11.416,л/с·км²,р. Кобожа – с. Мошеник,"МДС, первичный ряд",mdc103av23.xls,Pacxod,256,26.6,2330
q3,1954,8.584,л/с·км²,р. Кобожа – с. Мошеник,"МДС, первичный ряд",mdc103av23.xls,Pacxod,257,20,2330
q3,1955,12.790,л/с·км²,р. Кобожа – с. Мошеник,"МДС, первичный ряд",mdc103av23.xls,Pacxod,258,29.8,2330
q3,1956,7.940,л/с·км²,р. Кобожа – с. Мошеник,"МДС, первичный ряд",mdc103av23.xls,Pacxod,259,18.5,2330
q3,1957,10.687,л/с·км²,р. Кобожа – с. Мошеник,"МДС, первичный ряд",mdc103av23.xls,Pacxod,260,24.9,2330
q3,1958,10.172,л/с·км²,р. Кобожа – с. Мошеник,"МДС, первичный ряд",mdc103av23.xls,Pacxod,261,23.7,2330
q3,1959,7.811,л/с·км²,р. Кобожа – с. Мошеник,"МДС, первичный ряд",mdc103av23.xls,Pacxod,262,18.2,2330
q3,1960,4.678,л/с·км²,р. Кобожа – с. Мошеник,"МДС, первичный ряд",mdc103av23.xls,Pacxod,263,10.9,2330
q3,1961,9.485,л/с·км²,р. Кобожа – с. Мошеник,"МДС, первичный ряд",mdc103av23.xls,Pacxod,264,22.1,2330
q3,1962,9.227,л/с·км²,р. Кобожа – с. Мошеник,"МДС, первичный ряд",mdc103av23.xls,Pacxod,265,21.5,2330
q3,1963,4.807,л/с·км²,р. Кобожа – с. Мошеник,"МДС, первичный ряд",mdc103av23.xls,Pacxod,266,11.2,2330
q3,1964,4.721,л/с·км²,р. Кобожа – с. Мошеник,"МДС, первичный ряд",mdc103av23.xls,Pacxod,267,11,2330
q3,1965,7.167,л/с·км²,р. Кобожа – с. Мошеник,"МДС, первичный ряд",mdc103av23.xls,Pacxod,268,16.7,2330
q3,1966,11.888,л/с·км²,р. Кобожа – с. Мошеник,"МДС, первичный ряд",mdc103av23.xls,Pacxod,269,27.7,2330
q3,1967,8.240,л/с·км²,р. Кобожа – с. Мошеник,"МДС, первичный ряд",mdc103av23.xls,Pacxod,270,19.2,2330
q3,1968,8.841,л/с·км²,р. Кобожа – с. Мошеник,"МДС, первичный ряд",mdc103av23.xls,Pacxod,271,20.6,2330
q3,1969,8.283,л/с·км²,р. Кобожа – с. Мошеник,"МДС, первичный ряд",mdc103av23.xls,Pacxod,272,19.3,2330
q3,1970,5.622,л/с·км²,р. Кобожа – с. Мошеник,"МДС, первичный ряд",mdc103av23.xls,Pacxod,273,13.1,2330
q3,1971,5.150,л/с·км²,р. Кобожа – с. Мошеник,"МДС, первичный ряд",mdc103av23.xls,Pacxod,274,12,2330
q3,1972,3.468,л/с·км²,р. Кобожа – с. Мошеник,"МДС, первичный ряд",mdc103av23.xls,Pacxod,275,8.08,2330
q3,1973,3.382,л/с·км²,р. Кобожа – с. Мошеник,"МДС, первичный ряд",mdc103av23.xls,Pacxod,276,7.88,2330
q3,1974,5.365,л/с·км²,р. Кобожа – с. Мошеник,"МДС, первичный ряд",mdc103av23.xls,Pacxod,277,12.5,2330
q3,1975,4.936,л/с·км²,р. Кобожа – с. Мошеник,"МДС, первичный ряд",mdc103av23.xls,Pacxod,278,11.5,2330
q3,1976,6.609,л/с·км²,р. Кобожа – с. Мошеник,"МДС, первичный ряд",mdc103av23.xls,Pacxod,279,15.4,2330
q3,1977,8.712,л/с·км²,р. Кобожа – с. Мошеник,"МДС, первичный ряд",mdc103av23.xls,Pacxod,280,20.3,2330
q3,1978,8.798,л/с·км²,р. Кобожа – с. Мошеник,"МДС, первичный ряд",mdc103av23.xls,Pacxod,281,20.5,2330
q3,1979,5.923,л/с·км²,р. Кобожа – с. Мошеник,"МДС, первичный ряд",mdc103av23.xls,Pacxod,282,13.8,2330
q3,1980,6.052,л/с·км²,р. Кобожа – с. Мошеник,"МДС, первичный ряд",mdc103av23.xls,Pacxod,283,14.1,2330
q3,1981,8.455,л/с·км²,р. Кобожа – с. Мошеник,"МДС, первичный ряд",mdc103av23.xls,Pacxod,284,19.7,2330
q3,1982,7.983,л/с·км²,р. Кобожа – с. Мошеник,"МДС, первичный ряд",mdc103av23.xls,Pacxod,285,18.6,2330
q3,1983,8.841,л/с·км²,р. Кобожа – с. Мошеник,"МДС, первичный ряд",mdc103av23.xls,Pacxod,286,20.6,2330
q3,1984,10.215,л/с·км²,р. Кобожа – с. Мошеник,"МДС, первичный ряд",mdc103av23.xls,Pacxod,287,23.8,2330
q3,1985,6.867,л/с·км²,р. Кобожа – с. Мошеник,"МДС, первичный ряд",mdc103av23.xls,Pacxod,288,16,2330
q3,1986,8.627,л/с·км²,р. Кобожа – с. Мошеник,"МДС, первичный ряд",mdc103av23.xls,Pacxod,289,20.1,2330
q3,1987,9.099,л/с·км²,р. Кобожа – с. Мошеник,"МДС, первичный ряд",mdc103av23.xls,Pacxod,290,21.2,2330
q3,1988,6.996,л/с·км²,р. Кобожа – с. Мошеник,"МДС, первичный ряд",mdc103av23.xls,Pacxod,291,16.3,2330
q3,1989,,л/с·км²,р. Кобожа – с. Мошеник,НЕ ПОКРЫТО: МДС не содержит этот год,,,,,2330
q3,1990,,л/с·км²,р. Кобожа – с. Мошеник,НЕ ПОКРЫТО: МДС не содержит этот год,,,,,2330
q3,1991,,л/с·км²,р. Кобожа – с. Мошеник,НЕ ПОКРЫТО: МДС не содержит этот год,,,,,2330
q3,1992,,л/с·км²,р. Кобожа – с. Мошеник,НЕ ПОКРЫТО: МДС не содержит этот год,,,,,2330
q4,1933,6.686,л/с·км²,р. Молога – с. Спас-Забережье,"МДС, первичный ряд",mdc103av23.xls,Pacxod,122,68.2,10200
q4,1934,6.206,л/с·км²,р. Молога – с. Спас-Забережье,"МДС, первичный ряд",mdc103av23.xls,Pacxod,123,63.3,10200
q4,1935,7.392,л/с·км²,р. Молога – с. Спас-Забережье,"МДС, первичный ряд",mdc103av23.xls,Pacxod,124,75.4,10200
q4,1936,5.627,л/с·км²,р. Молога – с. Спас-Забережье,"МДС, первичный ряд",mdc103av23.xls,Pacxod,125,57.4,10200
q4,1937,3.343,л/с·км²,р. Молога – с. Спас-Забережье,"МДС, первичный ряд",mdc103av23.xls,Pacxod,126,34.1,10200
q4,1938,3.382,л/с·км²,р. Молога – с. Спас-Забережье,"МДС, первичный ряд",mdc103av23.xls,Pacxod,127,34.5,10200
q4,1939,3.196,л/с·км²,р. Молога – с. Спас-Забережье,"МДС, первичный ряд",mdc103av23.xls,Pacxod,128,32.6,10200
q4,1941,5.000,л/с·км²,р. Молога – с. Спас-Забережье,"МДС, первичный ряд",mdc103av23.xls,Pacxod,129,51,10200
q4,1942,4.912,л/с·км²,р. Молога – с. Спас-Забережье,"МДС, первичный ряд",mdc103av23.xls,Pacxod,130,50.1,10200
q4,1943,4.549,л/с·км²,р. Молога – с. Спас-Забережье,"МДС, первичный ряд",mdc103av23.xls,Pacxod,131,46.4,10200
q4,1944,3.618,л/с·км²,р. Молога – с. Спас-Забережье,"МДС, первичный ряд",mdc103av23.xls,Pacxod,132,36.9,10200
q4,1945,3.961,л/с·км²,р. Молога – с. Спас-Забережье,"МДС, первичный ряд",mdc103av23.xls,Pacxod,133,40.4,10200
q4,1946,5.608,л/с·км²,р. Молога – с. Спас-Забережье,"МДС, первичный ряд",mdc103av23.xls,Pacxod,134,57.2,10200
q4,1947,6.784,л/с·км²,р. Молога – с. Спас-Забережье,"МДС, первичный ряд",mdc103av23.xls,Pacxod,135,69.2,10200
q4,1948,4.980,л/с·км²,р. Молога – с. Спас-Забережье,"МДС, первичный ряд",mdc103av23.xls,Pacxod,136,50.8,10200
q4,1949,4.078,л/с·км²,р. Молога – с. Спас-Забережье,"МДС, первичный ряд",mdc103av23.xls,Pacxod,137,41.6,10200
q4,1950,6.824,л/с·км²,р. Молога – с. Спас-Забережье,"МДС, первичный ряд",mdc103av23.xls,Pacxod,138,69.6,10200
q4,1951,5.990,л/с·км²,р. Молога – с. Спас-Забережье,"МДС, первичный ряд",mdc103av23.xls,Pacxod,139,61.1,10200
q4,1952,7.480,л/с·км²,р. Молога – с. Спас-Забережье,"МДС, первичный ряд",mdc103av23.xls,Pacxod,140,76.3,10200
q4,1953,8.696,л/с·км²,р. Молога – с. Спас-Забережье,"МДС, первичный ряд",mdc103av23.xls,Pacxod,141,88.7,10200
q4,1971,3.451,л/с·км²,р. Молога – с. Спас-Забережье,"МДС, первичный ряд",mdc103av23.xls,Pacxod,166,35.2,10200
q4,1972,2.902,л/с·км²,р. Молога – с. Спас-Забережье,"МДС, первичный ряд",mdc103av23.xls,Pacxod,167,29.6,10200
q4,1973,2.892,л/с·км²,р. Молога – с. Спас-Забережье,"МДС, первичный ряд",mdc103av23.xls,Pacxod,168,29.5,10200
q4,1974,4.441,л/с·км²,р. Молога – с. Спас-Забережье,"МДС, первичный ряд",mdc103av23.xls,Pacxod,169,45.3,10200
q4,1975,3.539,л/с·км²,р. Молога – с. Спас-Забережье,"МДС, первичный ряд",mdc103av23.xls,Pacxod,170,36.1,10200
q4,1976,5.647,л/с·км²,р. Молога – с. Спас-Забережье,"МДС, первичный ряд",mdc103av23.xls,Pacxod,171,57.6,10200
q4,1977,7.275,л/с·км²,р. Молога – с. Спас-Забережье,"МДС, первичный ряд",mdc103av23.xls,Pacxod,172,74.2,10200
q4,1978,7.216,л/с·км²,р. Молога – с. Спас-Забережье,"МДС, первичный ряд",mdc103av23.xls,Pacxod,173,73.6,10200
q4,1979,6.480,л/с·км²,р. Молога – с. Спас-Забережье,"МДС, первичный ряд",mdc103av23.xls,Pacxod,174,66.1,10200
q4,1980,6.863,л/с·км²,р. Молога – с. Спас-Забережье,"МДС, первичный ряд",mdc103av23.xls,Pacxod,175,70,10200
q4,1981,7.284,л/с·км²,р. Молога – с. Спас-Забережье,"МДС, первичный ряд",mdc103av23.xls,Pacxod,176,74.3,10200
q4,1982,6.265,л/с·км²,р. Молога – с. Спас-Забережье,"МДС, первичный ряд",mdc103av23.xls,Pacxod,177,63.9,10200
q4,1983,6.784,л/с·км²,р. Молога – с. Спас-Забережье,"МДС, первичный ряд",mdc103av23.xls,Pacxod,178,69.2,10200
q4,1984,6.588,л/с·км²,р. Молога – с. Спас-Забережье,"МДС, первичный ряд",mdc103av23.xls,Pacxod,179,67.2,10200
q4,1985,7.373,л/с·км²,р. Молога – с. Спас-Забережье,"МДС, первичный ряд",mdc103av23.xls,Pacxod,180,75.2,10200
q4,1986,,л/с·км²,р. Молога – с. Спас-Забережье,НЕ ПОКРЫТО: МДС не содержит этот год,,,,,10200
q4,1987,,л/с·км²,р. Молога – с. Спас-Забережье,НЕ ПОКРЫТО: МДС не содержит этот год,,,,,10200
q4,1988,,л/с·км²,р. Молога – с. Спас-Забережье,НЕ ПОКРЫТО: МДС не содержит этот год,,,,,10200
q4,1989,,л/с·км²,р. Молога – с. Спас-Забережье,НЕ ПОКРЫТО: МДС не содержит этот год,,,,,10200
q4,1990,,л/с·км²,р. Молога – с. Спас-Забережье,НЕ ПОКРЫТО: МДС не содержит этот год,,,,,10200
q4,1991,,л/с·км²,р. Молога – с. Спас-Забережье,НЕ ПОКРЫТО: МДС не содержит этот год,,,,,10200
q4,1992,6.245,л/с·км²,р. Молога – с. Спас-Забережье,"МДС, первичный ряд",mdc103av23.xls,Pacxod,181,63.7,10200
q5,1882,6.039,л/с·км²,р. Тихвинка – д. Горелуха,"МДС, первичный ряд",mdc103av05.xls,Pacxod,10,12.5,2070
q5,1883,8.164,л/с·км²,р. Тихвинка – д. Горелуха,"МДС, первичный ряд",mdc103av05.xls,Pacxod,11,16.9,2070
q5,1884,8.744,л/с·км²,р. Тихвинка – д. Горелуха,"МДС, первичный ряд",mdc103av05.xls,Pacxod,12,18.1,2070
q5,1885,8.164,л/с·км²,р. Тихвинка – д. Горелуха,"МДС, первичный ряд",mdc103av05.xls,Pacxod,13,16.9,2070
q5,1886,5.990,л/с·км²,р. Тихвинка – д. Горелуха,"МДС, первичный ряд",mdc103av05.xls,Pacxod,14,12.4,2070
q5,1887,8.889,л/с·км²,р. Тихвинка – д. Горелуха,"МДС, первичный ряд",mdc103av05.xls,Pacxod,15,18.4,2070
q5,1888,12.029,л/с·км²,р. Тихвинка – д. Горелуха,"МДС, первичный ряд",mdc103av05.xls,Pacxod,16,24.9,2070
q5,1889,10.048,л/с·км²,р. Тихвинка – д. Горелуха,"МДС, первичный ряд",mdc103av05.xls,Pacxod,17,20.8,2070
q5,1890,7.633,л/с·км²,р. Тихвинка – д. Горелуха,"МДС, первичный ряд",mdc103av05.xls,Pacxod,18,15.8,2070
q5,1891,5.024,л/с·км²,р. Тихвинка – д. Горелуха,"МДС, первичный ряд",mdc103av05.xls,Pacxod,19,10.4,2070
q5,1892,10.145,л/с·км²,р. Тихвинка – д. Горелуха,"МДС, первичный ряд",mdc103av05.xls,Pacxod,20,21,2070
q5,1893,8.164,л/с·км²,р. Тихвинка – д. Горелуха,"МДС, первичный ряд",mdc103av05.xls,Pacxod,21,16.9,2070
q5,1894,14.010,л/с·км²,р. Тихвинка – д. Горелуха,"МДС, первичный ряд",mdc103av05.xls,Pacxod,22,29,2070
q5,1895,9.227,л/с·км²,р. Тихвинка – д. Горелуха,"МДС, первичный ряд",mdc103av05.xls,Pacxod,23,19.1,2070
q5,1896,7.343,л/с·км²,р. Тихвинка – д. Горелуха,"МДС, первичный ряд",mdc103av05.xls,Pacxod,24,15.2,2070
q5,1897,5.604,л/с·км²,р. Тихвинка – д. Горелуха,"МДС, первичный ряд",mdc103av05.xls,Pacxod,25,11.6,2070
q5,1898,10.386,л/с·км²,р. Тихвинка – д. Горелуха,"МДС, первичный ряд",mdc103av05.xls,Pacxod,26,21.5,2070
q5,1899,13.430,л/с·км²,р. Тихвинка – д. Горелуха,"МДС, первичный ряд",mdc103av05.xls,Pacxod,27,27.8,2070
q5,1900,9.903,л/с·км²,р. Тихвинка – д. Горелуха,"МДС, первичный ряд",mdc103av05.xls,Pacxod,28,20.5,2070
q5,1901,9.082,л/с·км²,р. Тихвинка – д. Горелуха,"МДС, первичный ряд",mdc103av05.xls,Pacxod,29,18.8,2070
q5,1902,11.546,л/с·км²,р. Тихвинка – д. Горелуха,"МДС, первичный ряд",mdc103av05.xls,Pacxod,30,23.9,2070
q5,1903,15.217,л/с·км²,р. Тихвинка – д. Горелуха,"МДС, первичный ряд",mdc103av05.xls,Pacxod,31,31.5,2070
q5,1904,9.758,л/с·км²,р. Тихвинка – д. Горелуха,"МДС, первичный ряд",mdc103av05.xls,Pacxod,32,20.2,2070
q5,1905,10.773,л/с·км²,р. Тихвинка – д. Горелуха,"МДС, первичный ряд",mdc103av05.xls,Pacxod,33,22.3,2070
q5,1906,8.406,л/с·км²,р. Тихвинка – д. Горелуха,"МДС, первичный ряд",mdc103av05.xls,Pacxod,34,17.4,2070
q5,1907,7.343,л/с·км²,р. Тихвинка – д. Горелуха,"МДС, первичный ряд",mdc103av05.xls,Pacxod,35,15.2,2070
q5,1908,10.725,л/с·км²,р. Тихвинка – д. Горелуха,"МДС, первичный ряд",mdc103av05.xls,Pacxod,36,22.2,2070
q5,1909,8.841,л/с·км²,р. Тихвинка – д. Горелуха,"МДС, первичный ряд",mdc103av05.xls,Pacxod,37,18.3,2070
q5,1910,7.005,л/с·км²,р. Тихвинка – д. Горелуха,"МДС, первичный ряд",mdc103av05.xls,Pacxod,38,14.5,2070
q5,1911,10.435,л/с·км²,р. Тихвинка – д. Горелуха,"МДС, первичный ряд",mdc103av05.xls,Pacxod,39,21.6,2070
q5,1912,7.923,л/с·км²,р. Тихвинка – д. Горелуха,"МДС, первичный ряд",mdc103av05.xls,Pacxod,40,16.4,2070
q5,1913,8.551,л/с·км²,р. Тихвинка – д. Горелуха,"МДС, первичный ряд",mdc103av05.xls,Pacxod,41,17.7,2070
q5,1914,8.841,л/с·км²,р. Тихвинка – д. Горелуха,"МДС, первичный ряд",mdc103av05.xls,Pacxod,42,18.3,2070
q5,1915,8.937,л/с·км²,р. Тихвинка – д. Горелуха,"МДС, первичный ряд",mdc103av05.xls,Pacxod,43,18.5,2070
q5,1916,9.807,л/с·км²,р. Тихвинка – д. Горелуха,"МДС, первичный ряд",mdc103av05.xls,Pacxod,44,20.3,2070
q5,1917,9.614,л/с·км²,р. Тихвинка – д. Горелуха,"МДС, первичный ряд",mdc103av05.xls,Pacxod,45,19.9,2070
q5,1918,12.174,л/с·км²,р. Тихвинка – д. Горелуха,"МДС, первичный ряд",mdc103av05.xls,Pacxod,46,25.2,2070
q5,1919,8.261,л/с·км²,р. Тихвинка – д. Горелуха,"МДС, первичный ряд",mdc103av05.xls,Pacxod,47,17.1,2070
q5,1920,6.377,л/с·км²,р. Тихвинка – д. Горелуха,"МДС, первичный ряд",mdc103av05.xls,Pacxod,48,13.2,2070
q5,1921,7.343,л/с·км²,р. Тихвинка – д. Горелуха,"МДС, первичный ряд",mdc103av05.xls,Pacxod,49,15.2,2070
q5,1922,10.821,л/с·км²,р. Тихвинка – д. Горелуха,"МДС, первичный ряд",mdc103av05.xls,Pacxod,50,22.4,2070
q5,1923,12.464,л/с·км²,р. Тихвинка – д. Горелуха,"МДС, первичный ряд",mdc103av05.xls,Pacxod,51,25.8,2070
q5,1924,9.130,л/с·км²,р. Тихвинка – д. Горелуха,"МДС, первичный ряд",mdc103av05.xls,Pacxod,52,18.9,2070
q5,1925,9.227,л/с·км²,р. Тихвинка – д. Горелуха,"МДС, первичный ряд",mdc103av05.xls,Pacxod,53,19.1,2070
q5,1926,10.000,л/с·км²,р. Тихвинка – д. Горелуха,"МДС, первичный ряд",mdc103av05.xls,Pacxod,54,20.7,2070
q5,1927,9.855,л/с·км²,р. Тихвинка – д. Горелуха,"МДС, первичный ряд",mdc103av05.xls,Pacxod,55,20.4,2070
q5,1928,13.237,л/с·км²,р. Тихвинка – д. Горелуха,"МДС, первичный ряд",mdc103av05.xls,Pacxod,56,27.4,2070
q5,1929,9.179,л/с·км²,р. Тихвинка – д. Горелуха,"МДС, первичный ряд",mdc103av05.xls,Pacxod,57,19,2070
q5,1930,8.841,л/с·км²,р. Тихвинка – д. Горелуха,"МДС, первичный ряд",mdc103av05.xls,Pacxod,58,18.3,2070
q5,1931,9.372,л/с·км²,р. Тихвинка – д. Горелуха,"МДС, первичный ряд",mdc103av05.xls,Pacxod,59,19.4,2070
q5,1932,11.159,л/с·км²,р. Тихвинка – д. Горелуха,"МДС, первичный ряд",mdc103av05.xls,Pacxod,60,23.1,2070
q5,1971,9.420,л/с·км²,р. Тихвинка – д. Горелуха,"МДС, первичный ряд",mdc103av05.xls,Pacxod,106,19.5,2070
q5,1972,7.391,л/с·км²,р. Тихвинка – д. Горелуха,"МДС, первичный ряд",mdc103av05.xls,Pacxod,107,15.3,2070
q5,1973,6.329,л/с·км²,р. Тихвинка – д. Горелуха,"МДС, первичный ряд",mdc103av05.xls,Pacxod,108,13.1,2070
q5,1974,9.565,л/с·км²,р. Тихвинка – д. Горелуха,"МДС, первичный ряд",mdc103av05.xls,Pacxod,109,19.8,2070
q5,1975,8.261,л/с·км²,р. Тихвинка – д. Горелуха,"МДС, первичный ряд",mdc103av05.xls,Pacxod,110,17.1,2070
q5,1976,11.063,л/с·км²,р. Тихвинка – д. Горелуха,"МДС, первичный ряд",mdc103av05.xls,Pacxod,111,22.9,2070
q5,1977,10.918,л/с·км²,р. Тихвинка – д. Горелуха,"МДС, первичный ряд",mdc103av05.xls,Pacxod,112,22.6,2070
q5,1978,12.319,л/с·км²,р. Тихвинка – д. Горелуха,"МДС, первичный ряд",mdc103av05.xls,Pacxod,113,25.5,2070
q5,1979,7.923,л/с·км²,р. Тихвинка – д. Горелуха,"МДС, первичный ряд",mdc103av05.xls,Pacxod,114,16.4,2070
q5,1980,7.101,л/с·км²,р. Тихвинка – д. Горелуха,"МДС, первичный ряд",mdc103av05.xls,Pacxod,115,14.7,2070
q5,1981,11.594,л/с·км²,р. Тихвинка – д. Горелуха,"МДС, первичный ряд",mdc103av05.xls,Pacxod,116,24,2070
q5,1982,12.367,л/с·км²,р. Тихвинка – д. Горелуха,"МДС, первичный ряд",mdc103av05.xls,Pacxod,117,25.6,2070
q5,1983,13.720,л/с·км²,р. Тихвинка – д. Горелуха,"МДС, первичный ряд",mdc103av05.xls,Pacxod,118,28.4,2070
q5,1984,12.705,л/с·км²,р. Тихвинка – д. Горелуха,"МДС, первичный ряд",mdc103av05.xls,Pacxod,119,26.3,2070
q5,1985,9.227,л/с·км²,р. Тихвинка – д. Горелуха,"МДС, первичный ряд",mdc103av05.xls,Pacxod,120,19.1,2070
q5,1986,,л/с·км²,р. Тихвинка – д. Горелуха,НЕ ПОКРЫТО: МДС не содержит этот год,,,,,2070
q5,1987,,л/с·км²,р. Тихвинка – д. Горелуха,НЕ ПОКРЫТО: МДС не содержит этот год,,,,,2070
q5,1988,9.952,л/с·км²,р. Тихвинка – д. Горелуха,"МДС, первичный ряд",mdc103av05.xls,Pacxod,121,20.6,2070
q5,1989,11.208,л/с·км²,р. Тихвинка – д. Горелуха,"МДС, первичный ряд",mdc103av05.xls,Pacxod,122,23.2,2070
q5,1990,12.802,л/с·км²,р. Тихвинка – д. Горелуха,"МДС, первичный ряд",mdc103av05.xls,Pacxod,123,26.5,2070
q5,1991,14.251,л/с·км²,р. Тихвинка – д. Горелуха,"МДС, первичный ряд",mdc103av05.xls,Pacxod,124,29.5,2070
q5,1992,,л/с·км²,р. Тихвинка – д. Горелуха,НЕ ПОКРЫТО: МДС не содержит этот год,,,,,2070
q7,1891,5.498,л/с·км²,р. Волга – г. Старица,"МДС, первичный ряд",mdc103av23.xls,Pacxod,9,116,21100
q7,1892,6.635,л/с·км²,р. Волга – г. Старица,"МДС, первичный ряд",mdc103av23.xls,Pacxod,10,140,21100
q7,1893,8.246,л/с·км²,р. Волга – г. Старица,"МДС, первичный ряд",mdc103av23.xls,Pacxod,11,174,21100
q7,1894,11.517,л/с·км²,р. Волга – г. Старица,"МДС, первичный ряд",mdc103av23.xls,Pacxod,12,243,21100
q7,1895,9.905,л/с·км²,р. Волга – г. Старица,"МДС, первичный ряд",mdc103av23.xls,Pacxod,13,209,21100
q7,1896,8.720,л/с·км²,р. Волга – г. Старица,"МДС, первичный ряд",mdc103av23.xls,Pacxod,14,184,21100
q7,1897,6.303,л/с·км²,р. Волга – г. Старица,"МДС, первичный ряд",mdc103av23.xls,Pacxod,15,133,21100
q7,1898,6.445,л/с·км²,р. Волга – г. Старица,"МДС, первичный ряд",mdc103av23.xls,Pacxod,16,136,21100
q7,1899,9.526,л/с·км²,р. Волга – г. Старица,"МДС, первичный ряд",mdc103av23.xls,Pacxod,17,201,21100
q7,1900,7.251,л/с·км²,р. Волга – г. Старица,"МДС, первичный ряд",mdc103av23.xls,Pacxod,18,153,21100
q7,1901,6.872,л/с·км²,р. Волга – г. Старица,"МДС, первичный ряд",mdc103av23.xls,Pacxod,19,145,21100
q7,1902,11.517,л/с·км²,р. Волга – г. Старица,"МДС, первичный ряд",mdc103av23.xls,Pacxod,20,243,21100
q7,1903,8.673,л/с·км²,р. Волга – г. Старица,"МДС, первичный ряд",mdc103av23.xls,Pacxod,21,183,21100
q7,1904,5.972,л/с·км²,р. Волга – г. Старица,"МДС, первичный ряд",mdc103av23.xls,Pacxod,22,126,21100
q7,1905,10.142,л/с·км²,р. Волга – г. Старица,"МДС, первичный ряд",mdc103av23.xls,Pacxod,23,214,21100
q7,1906,7.820,л/с·км²,р. Волга – г. Старица,"МДС, первичный ряд",mdc103av23.xls,Pacxod,24,165,21100
q7,1907,8.246,л/с·км²,р. Волга – г. Старица,"МДС, первичный ряд",mdc103av23.xls,Pacxod,25,174,21100
q7,1908,13.223,л/с·км²,р. Волга – г. Старица,"МДС, первичный ряд",mdc103av23.xls,Pacxod,26,279,21100
q7,1909,9.573,л/с·км²,р. Волга – г. Старица,"МДС, первичный ряд",mdc103av23.xls,Pacxod,27,202,21100
q7,1910,6.967,л/с·км²,р. Волга – г. Старица,"МДС, первичный ряд",mdc103av23.xls,Pacxod,28,147,21100
q7,1911,6.919,л/с·км²,р. Волга – г. Старица,"МДС, первичный ряд",mdc103av23.xls,Pacxod,29,146,21100
q7,1912,5.450,л/с·км²,р. Волга – г. Старица,"МДС, первичный ряд",mdc103av23.xls,Pacxod,30,115,21100
q7,1913,5.877,л/с·км²,р. Волга – г. Старица,"МДС, первичный ряд",mdc103av23.xls,Pacxod,31,124,21100
q7,1914,6.161,л/с·км²,р. Волга – г. Старица,"МДС, первичный ряд",mdc103av23.xls,Pacxod,32,130,21100
q7,1915,8.483,л/с·км²,р. Волга – г. Старица,"МДС, первичный ряд",mdc103av23.xls,Pacxod,33,179,21100
q7,1916,9.147,л/с·км²,р. Волга – г. Старица,"МДС, первичный ряд",mdc103av23.xls,Pacxod,34,193,21100
q7,1917,9.479,л/с·км²,р. Волга – г. Старица,"МДС, первичный ряд",mdc103av23.xls,Pacxod,35,200,21100
q7,1918,7.725,л/с·км²,р. Волга – г. Старица,"МДС, первичный ряд",mdc103av23.xls,Pacxod,36,163,21100
q7,1919,5.829,л/с·км²,р. Волга – г. Старица,"МДС, первичный ряд",mdc103av23.xls,Pacxod,37,123,21100
q7,1920,4.573,л/с·км²,р. Волга – г. Старица,"МДС, первичный ряд",mdc103av23.xls,Pacxod,38,96.5,21100
q7,1921,3.043,л/с·км²,р. Волга – г. Старица,"МДС, первичный ряд",mdc103av23.xls,Pacxod,39,64.2,21100
q7,1922,6.303,л/с·км²,р. Волга – г. Старица,"МДС, первичный ряд",mdc103av23.xls,Pacxod,40,133,21100
q7,1923,7.109,л/с·км²,р. Волга – г. Старица,"МДС, первичный ряд",mdc103av23.xls,Pacxod,41,150,21100
q7,1924,7.678,л/с·км²,р. Волга – г. Старица,"МДС, первичный ряд",mdc103av23.xls,Pacxod,42,162,21100
q7,1925,6.540,л/с·км²,р. Волга – г. Старица,"МДС, первичный ряд",mdc103av23.xls,Pacxod,43,138,21100
q7,1926,8.768,л/с·км²,р. Волга – г. Старица,"МДС, первичный ряд",mdc103av23.xls,Pacxod,44,185,21100
q7,1927,9.005,л/с·км²,р. Волга – г. Старица,"МДС, первичный ряд",mdc103av23.xls,Pacxod,45,190,21100
q7,1928,8.009,л/с·км²,р. Волга – г. Старица,"МДС, первичный ряд",mdc103av23.xls,Pacxod,46,169,21100
q7,1929,7.441,л/с·км²,р. Волга – г. Старица,"МДС, первичный ряд",mdc103av23.xls,Pacxod,47,157,21100
q7,1930,6.493,л/с·км²,р. Волга – г. Старица,"МДС, первичный ряд",mdc103av23.xls,Pacxod,48,137,21100
q7,1931,7.536,л/с·км²,р. Волга – г. Старица,"МДС, первичный ряд",mdc103av23.xls,Pacxod,49,159,21100
q7,1932,8.910,л/с·км²,р. Волга – г. Старица,"МДС, первичный ряд",mdc103av23.xls,Pacxod,50,188,21100
q7,1971,6.114,л/с·км²,р. Волга – г. Старица,"МДС, первичный ряд",mdc103av23.xls,Pacxod,96,129,21100
q7,1972,5.024,л/с·км²,р. Волга – г. Старица,"МДС, первичный ряд",mdc103av23.xls,Pacxod,97,106,21100
q7,1973,5.024,л/с·км²,р. Волга – г. Старица,"МДС, первичный ряд",mdc103av23.xls,Pacxod,98,106,21100
q7,1974,5.972,л/с·км²,р. Волга – г. Старица,"МДС, первичный ряд",mdc103av23.xls,Pacxod,99,126,21100
q7,1975,5.498,л/с·км²,р. Волга – г. Старица,"МДС, первичный ряд",mdc103av23.xls,Pacxod,100,116,21100
q7,1976,6.540,л/с·км²,р. Волга – г. Старица,"МДС, первичный ряд",mdc103av23.xls,Pacxod,101,138,21100
q7,1977,7.346,л/с·км²,р. Волга – г. Старица,"МДС, первичный ряд",mdc103av23.xls,Pacxod,102,155,21100
q7,1978,8.009,л/с·км²,р. Волга – г. Старица,"МДС, первичный ряд",mdc103av23.xls,Pacxod,103,169,21100
q7,1979,6.256,л/с·км²,р. Волга – г. Старица,"МДС, первичный ряд",mdc103av23.xls,Pacxod,104,132,21100
q7,1980,9.100,л/с·км²,р. Волга – г. Старица,"МДС, первичный ряд",mdc103av23.xls,Pacxod,105,192,21100
q7,1981,8.957,л/с·км²,р. Волга – г. Старица,"МДС, первичный ряд",mdc103av23.xls,Pacxod,106,189,21100
q7,1982,7.536,л/с·км²,р. Волга – г. Старица,"МДС, первичный ряд",mdc103av23.xls,Pacxod,107,159,21100
q7,1983,6.445,л/с·км²,р. Волга – г. Старица,"МДС, первичный ряд",mdc103av23.xls,Pacxod,108,136,21100
q7,1984,6.066,л/с·км²,р. Волга – г. Старица,"МДС, первичный ряд",mdc103av23.xls,Pacxod,109,128,21100
q7,1985,8.152,л/с·км²,р. Волга – г. Старица,"МДС, первичный ряд",mdc103av23.xls,Pacxod,110,172,21100
q7,1986,9.716,л/с·км²,р. Волга – г. Старица,"МДС, первичный ряд",mdc103av23.xls,Pacxod,111,205,21100
q7,1987,,л/с·км²,р. Волга – г. Старица,НЕ ПОКРЫТО: МДС не содержит этот год,,,,,21100
q7,1988,,л/с·км²,р. Волга – г. Старица,НЕ ПОКРЫТО: МДС не содержит этот год,,,,,21100
q7,1989,,л/с·км²,р. Волга – г. Старица,НЕ ПОКРЫТО: МДС не содержит этот год,,,,,21100
q7,1990,,л/с·км²,р. Волга – г. Старица,НЕ ПОКРЫТО: МДС не содержит этот год,,,,,21100
q7,1991,10.237,л/с·км²,р. Волга – г. Старица,"МДС, первичный ряд",mdc103av23.xls,Pacxod,112,216,21100
q7,1992,6.493,л/с·км²,р. Волга – г. Старица,"МДС, первичный ряд",mdc103av23.xls,Pacxod,113,137,21100
