series_id,year,value,unit,analog_name,fill
seja_d_stan,1971,3.77,л/с·км²,р. Сьежа – д. Стан,"из А.8, заполнено"
seja_d_stan,1972,3.12,л/с·км²,р. Сьежа – д. Стан,"из А.8, заполнено"
seja_d_stan,1973,3.78,л/с·км²,р. Сьежа – д. Стан,"из А.8, заполнено"
seja_d_stan,1974,6.28,л/с·км²,р. Сьежа – д. Стан,"из А.8, заполнено"
seja_d_stan,1975,5.95,л/с·км²,р. Сьежа – д. Стан,"из А.8, заполнено"
seja_d_stan,1976,8.27,л/с·км²,р. Сьежа – д. Стан,"из А.8, заполнено"
seja_d_stan,1977,13.0,л/с·км²,р. Сьежа – д. Стан,"из А.8, заполнено"
seja_d_stan,1978,11.7,л/с·км²,р. Сьежа – д. Стан,"из А.8, заполнено"
seja_d_stan,1979,8.7,л/с·км²,р. Сьежа – д. Стан,"из А.8, заполнено"
seja_d_stan,1980,9.15,л/с·км²,р. Сьежа – д. Стан,"из А.8, заполнено"
seja_d_stan,1981,11.3,л/с·км²,р. Сьежа – д. Стан,"из А.8, заполнено"
seja_d_stan,1982,8.18,л/с·км²,р. Сьежа – д. Стан,"из А.8, заполнено"
seja_d_stan,1983,9.78,л/с·км²,р. Сьежа – д. Стан,"из А.8, заполнено"
seja_d_stan,1984,12.0,л/с·км²,р. Сьежа – д. Стан,"из А.8, заполнено"
seja_d_stan,1985,9.15,л/с·км²,р. Сьежа – д. Стан,"из А.8, заполнено"
seja_d_stan,1986,9.01,л/с·км²,р. Сьежа – д. Стан,"из А.8, заполнено"
seja_d_stan,1987,10.4,л/с·км²,р. Сьежа – д. Стан,"из А.8, заполнено"
seja_d_stan,1988,8.48,л/с·км²,р. Сьежа – д. Стан,"из А.8, заполнено"
seja_d_stan,1989,8.45,л/с·км²,р. Сьежа – д. Стан,"из А.8, заполнено"
seja_d_stan,1990,13.6,л/с·км²,р. Сьежа – д. Стан,"из А.8, заполнено"
seja_d_stan,1991,10.7,л/с·км²,р. Сьежа – д. Стан,"из А.8, заполнено"
seja_d_stan,1992,5.65,л/с·км²,р. Сьежа – д. Стан,"из А.8, заполнено"
q1,1954,,л/с·км²,р. Волчина – с. Волчинское лесничество,ВПИШИТЕ q
q1,1955,,л/с·км²,р. Волчина – с. Волчинское лесничество,ВПИШИТЕ q
q1,1956,,л/с·км²,р. Волчина – с. Волчинское лесничество,ВПИШИТЕ q
q1,1957,,л/с·км²,р. Волчина – с. Волчинское лесничество,ВПИШИТЕ q
q1,1958,,л/с·км²,р. Волчина – с. Волчинское лесничество,ВПИШИТЕ q
q1,1959,,л/с·км²,р. Волчина – с. Волчинское лесничество,ВПИШИТЕ q
q1,1960,,л/с·км²,р. Волчина – с. Волчинское лесничество,ВПИШИТЕ q
q1,1961,,л/с·км²,р. Волчина – с. Волчинское лесничество,ВПИШИТЕ q
q1,1962,,л/с·км²,р. Волчина – с. Волчинское лесничество,ВПИШИТЕ q
q1,1963,,л/с·км²,р. Волчина – с. Волчинское лесничество,ВПИШИТЕ q
q1,1964,,л/с·км²,р. Волчина – с. Волчинское лесничество,ВПИШИТЕ q
q1,1965,,л/с·км²,р. Волчина – с. Волчинское лесничество,ВПИШИТЕ q
q1,1966,,л/с·км²,р. Волчина – с. Волчинское лесничество,ВПИШИТЕ q
q1,1967,,л/с·км²,р. Волчина – с. Волчинское лесничество,ВПИШИТЕ q
q1,1968,,л/с·км²,р. Волчина – с. Волчинское лесничество,ВПИШИТЕ q
q1,1969,,л/с·км²,р. Волчина – с. Волчинское лесничество,ВПИШИТЕ q
q1,1970,,л/с·км²,р. Волчина – с. Волчинское лесничество,ВПИШИТЕ q
q1,1971,,л/с·км²,р. Волчина – с. Волчинское лесничество,ВПИШИТЕ q
q1,1972,,л/с·км²,р. Волчина – с. Волчинское лесничество,ВПИШИТЕ q
q1,1973,,л/с·км²,р. Волчина – с. Волчинское лесничество,ВПИШИТЕ q
q1,1974,,л/с·км²,р. Волчина – с. Волчинское лесничество,ВПИШИТЕ q
q1,1975,,л/с·км²,р. Волчина – с. Волчинское лесничество,ВПИШИТЕ q
q1,1976,,л/с·км²,р. Волчина – с. Волчинское лесничество,ВПИШИТЕ q
q1,1977,,л/с·км²,р. Волчина – с. Волчинское лесничество,ВПИШИТЕ q
q1,1978,,л/с·км²,р. Волчина – с. Волчинское лесничество,ВПИШИТЕ q
q1,1979,,л/с·км²,р. Волчина – с. Волчинское лесничество,ВПИШИТЕ q
q1,1980,,л/с·км²,р. Волчина – с. Волчинское лесничество,ВПИШИТЕ q
q1,1981,,л/с·км²,р. Волчина – с. Волчинское лесничество,ВПИШИТЕ q
q1,1982,,л/с·км²,р. Волчина – с. Волчинское лесничество,ВПИШИТЕ q
q1,1983,,л/с·км²,р. Волчина – с. Волчинское лесничество,ВПИШИТЕ q
q1,1984,,л/с·км²,р. Волчина – с. Волчинское лесничество,ВПИШИТЕ q
q1,1985,,л/с·км²,р. Волчина – с. Волчинское лесничество,ВПИШИТЕ q
q1,1986,,л/с·км²,р. Волчина – с. Волчинское лесничество,ВПИШИТЕ q
q1,1987,,л/с·км²,р. Волчина – с. Волчинское лесничество,ВПИШИТЕ q
q1,1988,,л/с·км²,р. Волчина – с. Волчинское лесничество,ВПИШИТЕ q
q1,1989,,л/с·км²,р. Волчина – с. Волчинское лесничество,ВПИШИТЕ q
q1,1990,,л/с·км²,р. Волчина – с. Волчинское лесничество,ВПИШИТЕ q
q1,1991,,л/с·км²,р. Волчина – с. Волчинское лесничество,ВПИШИТЕ q
q1,1992,,л/с·км²,р. Волчина – с. Волчинское лесничество,ВПИШИТЕ q
q3,1935,,л/с·км²,р. Кобожа – с. Мошеник,ВПИШИТЕ q
q3,1936,,л/с·км²,р. Кобожа – с. Мошеник,ВПИШИТЕ q
q3,1937,,л/с·км²,р. Кобожа – с. Мошеник,ВПИШИТЕ q
q3,1938,,л/с·км²,р. Кобожа – с. Мошеник,ВПИШИТЕ q
q3,1939,,л/с·км²,р. Кобожа – с. Мошеник,ВПИШИТЕ q
q3,1940,,л/с·км²,р. Кобожа – с. Мошеник,ВПИШИТЕ q
q3,1941,,л/с·км²,р. Кобожа – с. Мошеник,ВПИШИТЕ q
q3,1942,,л/с·км²,р. Кобожа – с. Мошеник,ВПИШИТЕ q
q3,1943,,л/с·км²,р. Кобожа – с. Мошеник,ВПИШИТЕ q
q3,1944,,л/с·км²,р. Кобожа – с. Мошеник,ВПИШИТЕ q
q3,1945,,л/с·км²,р. Кобожа – с. Мошеник,ВПИШИТЕ q
q3,1946,,л/с·км²,р. Кобожа – с. Мошеник,ВПИШИТЕ q
q3,1947,,л/с·км²,р. Кобожа – с. Мошеник,ВПИШИТЕ q
q3,1948,,л/с·км²,р. Кобожа – с. Мошеник,ВПИШИТЕ q
q3,1949,,л/с·км²,р. Кобожа – с. Мошеник,ВПИШИТЕ q
q3,1950,,л/с·км²,р. Кобожа – с. Мошеник,ВПИШИТЕ q
q3,1951,,л/с·км²,р. Кобожа – с. Мошеник,ВПИШИТЕ q
q3,1952,,л/с·км²,р. Кобожа – с. Мошеник,ВПИШИТЕ q
q3,1953,,л/с·км²,р. Кобожа – с. Мошеник,ВПИШИТЕ q
q3,1954,,л/с·км²,р. Кобожа – с. Мошеник,ВПИШИТЕ q
q3,1955,,л/с·км²,р. Кобожа – с. Мошеник,ВПИШИТЕ q
q3,1956,,л/с·км²,р. Кобожа – с. Мошеник,ВПИШИТЕ q
q3,1957,,л/с·км²,р. Кобожа – с. Мошеник,ВПИШИТЕ q
q3,1958,,л/с·км²,р. Кобожа – с. Мошеник,ВПИШИТЕ q
q3,1959,,л/с·км²,р. Кобожа – с. Мошеник,ВПИШИТЕ q
q3,1960,,л/с·км²,р. Кобожа – с. Мошеник,ВПИШИТЕ q
q3,1961,,л/с·км²,р. Кобожа – с. Мошеник,ВПИШИТЕ q
q3,1962,,л/с·км²,р. Кобожа – с. Мошеник,ВПИШИТЕ q
q3,1963,,л/с·км²,р. Кобожа – с. Мошеник,ВПИШИТЕ q
q3,1964,,л/с·км²,р. Кобожа – с. Мошеник,ВПИШИТЕ q
q3,1965,,л/с·км²,р. Кобожа – с. Мошеник,ВПИШИТЕ q
q3,1966,,л/с·км²,р. Кобожа – с. Мошеник,ВПИШИТЕ q
q3,1967,,л/с·км²,р. Кобожа – с. Мошеник,ВПИШИТЕ q
q3,1968,,л/с·км²,р. Кобожа – с. Мошеник,ВПИШИТЕ q
q3,1969,,л/с·км²,р. Кобожа – с. Мошеник,ВПИШИТЕ q
q3,1970,,л/с·км²,р. Кобожа – с. Мошеник,ВПИШИТЕ q
q3,1971,,л/с·км²,р. Кобожа – с. Мошеник,ВПИШИТЕ q
q3,1972,,л/с·км²,р. Кобожа – с. Мошеник,ВПИШИТЕ q
q3,1973,,л/с·км²,р. Кобожа – с. Мошеник,ВПИШИТЕ q
q3,1974,,л/с·км²,р. Кобожа – с. Мошеник,ВПИШИТЕ q
q3,1975,,л/с·км²,р. Кобожа – с. Мошеник,ВПИШИТЕ q
q3,1976,,л/с·км²,р. Кобожа – с. Мошеник,ВПИШИТЕ q
q3,1977,,л/с·км²,р. Кобожа – с. Мошеник,ВПИШИТЕ q
q3,1978,,л/с·км²,р. Кобожа – с. Мошеник,ВПИШИТЕ q
q3,1979,,л/с·км²,р. Кобожа – с. Мошеник,ВПИШИТЕ q
q3,1980,,л/с·км²,р. Кобожа – с. Мошеник,ВПИШИТЕ q
q3,1981,,л/с·км²,р. Кобожа – с. Мошеник,ВПИШИТЕ q
q3,1982,,л/с·км²,р. Кобожа – с. Мошеник,ВПИШИТЕ q
q3,1983,,л/с·км²,р. Кобожа – с. Мошеник,ВПИШИТЕ q
q3,1984,,л/с·км²,р. Кобожа – с. Мошеник,ВПИШИТЕ q
q3,1985,,л/с·км²,р. Кобожа – с. Мошеник,ВПИШИТЕ q
q3,1986,,л/с·км²,р. Кобожа – с. Мошеник,ВПИШИТЕ q
q3,1987,,л/с·км²,р. Кобожа – с. Мошеник,ВПИШИТЕ q
q3,1988,,л/с·км²,р. Кобожа – с. Мошеник,ВПИШИТЕ q
q3,1989,,л/с·км²,р. Кобожа – с. Мошеник,ВПИШИТЕ q
q3,1990,,л/с·км²,р. Кобожа – с. Мошеник,ВПИШИТЕ q
q3,1991,,л/с·км²,р. Кобожа – с. Мошеник,ВПИШИТЕ q
q3,1992,,л/с·км²,р. Кобожа – с. Мошеник,ВПИШИТЕ q
q4,1933,,л/с·км²,р. Молога – с. Спас-Забережье,ВПИШИТЕ q
q4,1934,,л/с·км²,р. Молога – с. Спас-Забережье,ВПИШИТЕ q
q4,1935,,л/с·км²,р. Молога – с. Спас-Забережье,ВПИШИТЕ q
q4,1936,,л/с·км²,р. Молога – с. Спас-Забережье,ВПИШИТЕ q
q4,1937,,л/с·км²,р. Молога – с. Спас-Забережье,ВПИШИТЕ q
q4,1938,,л/с·км²,р. Молога – с. Спас-Забережье,ВПИШИТЕ q
q4,1939,,л/с·км²,р. Молога – с. Спас-Забережье,ВПИШИТЕ q
q4,1941,,л/с·км²,р. Молога – с. Спас-Забережье,ВПИШИТЕ q
q4,1942,,л/с·км²,р. Молога – с. Спас-Забережье,ВПИШИТЕ q
q4,1943,,л/с·км²,р. Молога – с. Спас-Забережье,ВПИШИТЕ q
q4,1944,,л/с·км²,р. Молога – с. Спас-Забережье,ВПИШИТЕ q
q4,1945,,л/с·км²,р. Молога – с. Спас-Забережье,ВПИШИТЕ q
q4,1946,,л/с·км²,р. Молога – с. Спас-Забережье,ВПИШИТЕ q
q4,1947,,л/с·км²,р. Молога – с. Спас-Забережье,ВПИШИТЕ q
q4,1948,,л/с·км²,р. Молога – с. Спас-Забережье,ВПИШИТЕ q
q4,1949,,л/с·км²,р. Молога – с. Спас-Забережье,ВПИШИТЕ q
q4,1950,,л/с·км²,р. Молога – с. Спас-Забережье,ВПИШИТЕ q
q4,1951,,л/с·км²,р. Молога – с. Спас-Забережье,ВПИШИТЕ q
q4,1952,,л/с·км²,р. Молога – с. Спас-Забережье,ВПИШИТЕ q
q4,1953,,л/с·км²,р. Молога – с. Спас-Забережье,ВПИШИТЕ q
q4,1971,,л/с·км²,р. Молога – с. Спас-Забережье,ВПИШИТЕ q
q4,1972,,л/с·км²,р. Молога – с. Спас-Забережье,ВПИШИТЕ q
q4,1973,,л/с·км²,р. Молога – с. Спас-Забережье,ВПИШИТЕ q
q4,1974,,л/с·км²,р. Молога – с. Спас-Забережье,ВПИШИТЕ q
q4,1975,,л/с·км²,р. Молога – с. Спас-Забережье,ВПИШИТЕ q
q4,1976,,л/с·км²,р. Молога – с. Спас-Забережье,ВПИШИТЕ q
q4,1977,,л/с·км²,р. Молога – с. Спас-Забережье,ВПИШИТЕ q
q4,1978,,л/с·км²,р. Молога – с. Спас-Забережье,ВПИШИТЕ q
q4,1979,,л/с·км²,р. Молога – с. Спас-Забережье,ВПИШИТЕ q
q4,1980,,л/с·км²,р. Молога – с. Спас-Забережье,ВПИШИТЕ q
q4,1981,,л/с·км²,р. Молога – с. Спас-Забережье,ВПИШИТЕ q
q4,1982,,л/с·км²,р. Молога – с. Спас-Забережье,ВПИШИТЕ q
q4,1983,,л/с·км²,р. Молога – с. Спас-Забережье,ВПИШИТЕ q
q4,1984,,л/с·км²,р. Молога – с. Спас-Забережье,ВПИШИТЕ q
q4,1985,,л/с·км²,р. Молога – с. Спас-Забережье,ВПИШИТЕ q
q4,1986,,л/с·км²,р. Молога – с. Спас-Забережье,ВПИШИТЕ q
q4,1987,,л/с·км²,р. Молога – с. Спас-Забережье,ВПИШИТЕ q
q4,1988,,л/с·км²,р. Молога – с. Спас-Забережье,ВПИШИТЕ q
q4,1989,,л/с·км²,р. Молога – с. Спас-Забережье,ВПИШИТЕ q
q4,1990,,л/с·км²,р. Молога – с. Спас-Забережье,ВПИШИТЕ q
q4,1991,,л/с·км²,р. Молога – с. Спас-Забережье,ВПИШИТЕ q
q4,1992,,л/с·км²,р. Молога – с. Спас-Забережье,ВПИШИТЕ q
q5,1882,,л/с·км²,р. Тихвинка – д. Горелуха,ВПИШИТЕ q
q5,1883,,л/с·км²,р. Тихвинка – д. Горелуха,ВПИШИТЕ q
q5,1884,,л/с·км²,р. Тихвинка – д. Горелуха,ВПИШИТЕ q
q5,1885,,л/с·км²,р. Тихвинка – д. Горелуха,ВПИШИТЕ q
q5,1886,,л/с·км²,р. Тихвинка – д. Горелуха,ВПИШИТЕ q
q5,1887,,л/с·км²,р. Тихвинка – д. Горелуха,ВПИШИТЕ q
q5,1888,,л/с·км²,р. Тихвинка – д. Горелуха,ВПИШИТЕ q
q5,1889,,л/с·км²,р. Тихвинка – д. Горелуха,ВПИШИТЕ q
q5,1890,,л/с·км²,р. Тихвинка – д. Горелуха,ВПИШИТЕ q
q5,1891,,л/с·км²,р. Тихвинка – д. Горелуха,ВПИШИТЕ q
q5,1892,,л/с·км²,р. Тихвинка – д. Горелуха,ВПИШИТЕ q
q5,1893,,л/с·км²,р. Тихвинка – д. Горелуха,ВПИШИТЕ q
q5,1894,,л/с·км²,р. Тихвинка – д. Горелуха,ВПИШИТЕ q
q5,1895,,л/с·км²,р. Тихвинка – д. Горелуха,ВПИШИТЕ q
q5,1896,,л/с·км²,р. Тихвинка – д. Горелуха,ВПИШИТЕ q
q5,1897,,л/с·км²,р. Тихвинка – д. Горелуха,ВПИШИТЕ q
q5,1898,,л/с·км²,р. Тихвинка – д. Горелуха,ВПИШИТЕ q
q5,1899,,л/с·км²,р. Тихвинка – д. Горелуха,ВПИШИТЕ q
q5,1900,,л/с·км²,р. Тихвинка – д. Горелуха,ВПИШИТЕ q
q5,1901,,л/с·км²,р. Тихвинка – д. Горелуха,ВПИШИТЕ q
q5,1902,,л/с·км²,р. Тихвинка – д. Горелуха,ВПИШИТЕ q
q5,1903,,л/с·км²,р. Тихвинка – д. Горелуха,ВПИШИТЕ q
q5,1904,,л/с·км²,р. Тихвинка – д. Горелуха,ВПИШИТЕ q
q5,1905,,л/с·км²,р. Тихвинка – д. Горелуха,ВПИШИТЕ q
q5,1906,,л/с·км²,р. Тихвинка – д. Горелуха,ВПИШИТЕ q
q5,1907,,л/с·км²,р. Тихвинка – д. Горелуха,ВПИШИТЕ q
q5,1908,,л/с·км²,р. Тихвинка – д. Горелуха,ВПИШИТЕ q
q5,1909,,л/с·км²,р. Тихвинка – д. Горелуха,ВПИШИТЕ q
q5,1910,,л/с·км²,р. Тихвинка – д. Горелуха,ВПИШИТЕ q
q5,1911,,л/с·км²,р. Тихвинка – д. Горелуха,ВПИШИТЕ q
q5,1912,,л/с·км²,р. Тихвинка – д. Горелуха,ВПИШИТЕ q
q5,1913,,л/с·км²,р. Тихвинка – д. Горелуха,ВПИШИТЕ q
q5,1914,,л/с·км²,р. Тихвинка – д. Горелуха,ВПИШИТЕ q
q5,1915,,л/с·км²,р. Тихвинка – д. Горелуха,ВПИШИТЕ q
q5,1916,,л/с·км²,р. Тихвинка – д. Горелуха,ВПИШИТЕ q
q5,1917,,л/с·км²,р. Тихвинка – д. Горелуха,ВПИШИТЕ q
q5,1918,,л/с·км²,р. Тихвинка – д. Горелуха,ВПИШИТЕ q
q5,1919,,л/с·км²,р. Тихвинка – д. Горелуха,ВПИШИТЕ q
q5,1920,,л/с·км²,р. Тихвинка – д. Горелуха,ВПИШИТЕ q
q5,1921,,л/с·км²,р. Тихвинка – д. Горелуха,ВПИШИТЕ q
q5,1922,,л/с·км²,р. Тихвинка – д. Горелуха,ВПИШИТЕ q
q5,1923,,л/с·км²,р. Тихвинка – д. Горелуха,ВПИШИТЕ q
q5,1924,,л/с·км²,р. Тихвинка – д. Горелуха,ВПИШИТЕ q
q5,1925,,л/с·км²,р. Тихвинка – д. Горелуха,ВПИШИТЕ q
q5,1926,,л/с·км²,р. Тихвинка – д. Горелуха,ВПИШИТЕ q
q5,1927,,л/с·км²,р. Тихвинка – д. Горелуха,ВПИШИТЕ q
q5,1928,,л/с·км²,р. Тихвинка – д. Горелуха,ВПИШИТЕ q
q5,1929,,л/с·км²,р. Тихвинка – д. Горелуха,ВПИШИТЕ q
q5,1930,,л/с·км²,р. Тихвинка – д. Горелуха,ВПИШИТЕ q
q5,1931,,л/с·км²,р. Тихвинка – д. Горелуха,ВПИШИТЕ q
q5,1932,,л/с·км²,р. Тихвинка – д. Горелуха,ВПИШИТЕ q
q5,1971,,л/с·км²,р. Тихвинка – д. Горелуха,ВПИШИТЕ q
q5,1972,,л/с·км²,р. Тихвинка – д. Горелуха,ВПИШИТЕ q
q5,1973,,л/с·км²,р. Тихвинка – д. Горелуха,ВПИШИТЕ q
q5,1974,,л/с·км²,р. Тихвинка – д. Горелуха,ВПИШИТЕ q
q5,1975,,л/с·км²,р. Тихвинка – д. Горелуха,ВПИШИТЕ q
q5,1976,,л/с·км²,р. Тихвинка – д. Горелуха,ВПИШИТЕ q
q5,1977,,л/с·км²,р. Тихвинка – д. Горелуха,ВПИШИТЕ q
q5,1978,,л/с·км²,р. Тихвинка – д. Горелуха,ВПИШИТЕ q
q5,1979,,л/с·км²,р. Тихвинка – д. Горелуха,ВПИШИТЕ q
q5,1980,,л/с·км²,р. Тихвинка – д. Горелуха,ВПИШИТЕ q
q5,1981,,л/с·км²,р. Тихвинка – д. Горелуха,ВПИШИТЕ q
q5,1982,,л/с·км²,р. Тихвинка – д. Горелуха,ВПИШИТЕ q
q5,1983,,л/с·км²,р. Тихвинка – д. Горелуха,ВПИШИТЕ q
q5,1984,,л/с·км²,р. Тихвинка – д. Горелуха,ВПИШИТЕ q
q5,1985,,л/с·км²,р. Тихвинка – д. Горелуха,ВПИШИТЕ q
q5,1986,,л/с·км²,р. Тихвинка – д. Горелуха,ВПИШИТЕ q
q5,1987,,л/с·км²,р. Тихвинка – д. Горелуха,ВПИШИТЕ q
q5,1988,,л/с·км²,р. Тихвинка – д. Горелуха,ВПИШИТЕ q
q5,1989,,л/с·км²,р. Тихвинка – д. Горелуха,ВПИШИТЕ q
q5,1990,,л/с·км²,р. Тихвинка – д. Горелуха,ВПИШИТЕ q
q5,1991,,л/с·км²,р. Тихвинка – д. Горелуха,ВПИШИТЕ q
q5,1992,,л/с·км²,р. Тихвинка – д. Горелуха,ВПИШИТЕ q
q7,1891,,л/с·км²,р. Волга – г. Старица,ВПИШИТЕ q
q7,1892,,л/с·км²,р. Волга – г. Старица,ВПИШИТЕ q
q7,1893,,л/с·км²,р. Волга – г. Старица,ВПИШИТЕ q
q7,1894,,л/с·км²,р. Волга – г. Старица,ВПИШИТЕ q
q7,1895,,л/с·км²,р. Волга – г. Старица,ВПИШИТЕ q
q7,1896,,л/с·км²,р. Волга – г. Старица,ВПИШИТЕ q
q7,1897,,л/с·км²,р. Волга – г. Старица,ВПИШИТЕ q
q7,1898,,л/с·км²,р. Волга – г. Старица,ВПИШИТЕ q
q7,1899,,л/с·км²,р. Волга – г. Старица,ВПИШИТЕ q
q7,1900,,л/с·км²,р. Волга – г. Старица,ВПИШИТЕ q
q7,1901,,л/с·км²,р. Волга – г. Старица,ВПИШИТЕ q
q7,1902,,л/с·км²,р. Волга – г. Старица,ВПИШИТЕ q
q7,1903,,л/с·км²,р. Волга – г. Старица,ВПИШИТЕ q
q7,1904,,л/с·км²,р. Волга – г. Старица,ВПИШИТЕ q
q7,1905,,л/с·км²,р. Волга – г. Старица,ВПИШИТЕ q
q7,1906,,л/с·км²,р. Волга – г. Старица,ВПИШИТЕ q
q7,1907,,л/с·км²,р. Волга – г. Старица,ВПИШИТЕ q
q7,1908,,л/с·км²,р. Волга – г. Старица,ВПИШИТЕ q
q7,1909,,л/с·км²,р. Волга – г. Старица,ВПИШИТЕ q
q7,1910,,л/с·км²,р. Волга – г. Старица,ВПИШИТЕ q
q7,1911,,л/с·км²,р. Волга – г. Старица,ВПИШИТЕ q
q7,1912,,л/с·км²,р. Волга – г. Старица,ВПИШИТЕ q
q7,1913,,л/с·км²,р. Волга – г. Старица,ВПИШИТЕ q
q7,1914,,л/с·км²,р. Волга – г. Старица,ВПИШИТЕ q
q7,1915,,л/с·км²,р. Волга – г. Старица,ВПИШИТЕ q
q7,1916,,л/с·км²,р. Волга – г. Старица,ВПИШИТЕ q
q7,1917,,л/с·км²,р. Волга – г. Старица,ВПИШИТЕ q
q7,1918,,л/с·км²,р. Волга – г. Старица,ВПИШИТЕ q
q7,1919,,л/с·км²,р. Волга – г. Старица,ВПИШИТЕ q
q7,1920,,л/с·км²,р. Волга – г. Старица,ВПИШИТЕ q
q7,1921,,л/с·км²,р. Волга – г. Старица,ВПИШИТЕ q
q7,1922,,л/с·км²,р. Волга – г. Старица,ВПИШИТЕ q
q7,1923,,л/с·км²,р. Волга – г. Старица,ВПИШИТЕ q
q7,1924,,л/с·км²,р. Волга – г. Старица,ВПИШИТЕ q
q7,1925,,л/с·км²,р. Волга – г. Старица,ВПИШИТЕ q
q7,1926,,л/с·км²,р. Волга – г. Старица,ВПИШИТЕ q
q7,1927,,л/с·км²,р. Волга – г. Старица,ВПИШИТЕ q
q7,1928,,л/с·км²,р. Волга – г. Старица,ВПИШИТЕ q
q7,1929,,л/с·км²,р. Волга – г. Старица,ВПИШИТЕ q
q7,1930,,л/с·км²,р. Волга – г. Старица,ВПИШИТЕ q
q7,1931,,л/с·км²,р. Волга – г. Старица,ВПИШИТЕ q
q7,1932,,л/с·км²,р. Волга – г. Старица,ВПИШИТЕ q
q7,1971,,л/с·км²,р. Волга – г. Старица,ВПИШИТЕ q
q7,1972,,л/с·км²,р. Волга – г. Старица,ВПИШИТЕ q
q7,1973,,л/с·км²,р. Волга – г. Старица,ВПИШИТЕ q
q7,1974,,л/с·км²,р. Волга – г. Старица,ВПИШИТЕ q
q7,1975,,л/с·км²,р. Волга – г. Старица,ВПИШИТЕ q
q7,1976,,л/с·км²,р. Волга – г. Старица,ВПИШИТЕ q
q7,1977,,л/с·км²,р. Волга – г. Старица,ВПИШИТЕ q
q7,1978,,л/с·км²,р. Волга – г. Старица,ВПИШИТЕ q
q7,1979,,л/с·км²,р. Волга – г. Старица,ВПИШИТЕ q
q7,1980,,л/с·км²,р. Волга – г. Старица,ВПИШИТЕ q
q7,1981,,л/с·км²,р. Волга – г. Старица,ВПИШИТЕ q
q7,1982,,л/с·км²,р. Волга – г. Старица,ВПИШИТЕ q
q7,1983,,л/с·км²,р. Волга – г. Старица,ВПИШИТЕ q
q7,1984,,л/с·км²,р. Волга – г. Старица,ВПИШИТЕ q
q7,1985,,л/с·км²,р. Волга – г. Старица,ВПИШИТЕ q
q7,1986,,л/с·км²,р. Волга – г. Старица,ВПИШИТЕ q
q7,1987,,л/с·км²,р. Волга – г. Старица,ВПИШИТЕ q
q7,1988,,л/с·км²,р. Волга – г. Старица,ВПИШИТЕ q
q7,1989,,л/с·км²,р. Волга – г. Старица,ВПИШИТЕ q
q7,1990,,л/с·км²,р. Волга – г. Старица,ВПИШИТЕ q
q7,1991,,л/с·км²,р. Волга – г. Старица,ВПИШИТЕ q
q7,1992,,л/с·км²,р. Волга – г. Старица,ВПИШИТЕ q
